{
  "scalar": {
    "random_forest": {
      "r2": 0.9674816108662666,
      "mae": 0.029875419602949167,
      "train_time_sec": 0.6816676000016741
    },
    "mlp": {
      "r2": 0.398565310110084,
      "mae": 0.11316362443809833,
      "train_time_sec": 0.1157625999985612
    }
  },
  "profile": {
    "r2": 0.9836033449833703,
    "mae": 0.01386045889684117,
    "train_time_sec": 1.0650944000008167
  }
}