{
  "scalar": {
    "random_forest": {
      "r2": 0.8657656022486434,
      "mae": 0.4828393941003115,
      "train_time_sec": 0.5298665990000018
    },
    "mlp": {
      "r2": 0.8875834082167446,
      "mae": 0.6145553637362084,
      "train_time_sec": 0.7531511210000019
    }
  },
  "profile": {
    "r2": 0.9566822135451948,
    "mae": 0.07106953317317508,
    "train_time_sec": 1.4756744999999967
  }
}