{
  "scalar": {
    "random_forest": {
      "r2": 0.9674816108662666,
      "mae": 0.029875419602949167,
      "train_time_sec": 0.30888608700001896
    },
    "mlp": {
      "r2": 0.3985653101100841,
      "mae": 0.11316362443809833,
      "train_time_sec": 0.06118361499989078
    }
  },
  "profile": {
    "r2": 0.9836033449833703,
    "mae": 0.013860458896841172,
    "train_time_sec": 0.4911650469998676
  }
}